<?xml version="1.0" encoding="UTF-8"?>
<beans  xmlns="http://www.springframework.org/schema/beans"  
    xmlns:xsi="http://www.w3.org/2001/XMLSchema-instance"  
    xsi:schemaLocation="http://www.springframework.org/schema/beans  
    http://www.springframework.org/schema/beans/spring-beans-4.0.xsd"> 
   
    <bean id="eobj" class="com.saraa.Employees" >
    
    <constructor-arg value="21"></constructor-arg>
    <constructor-arg value="saraa"></constructor-arg>
    <constructor-arg value="2000"></constructor-arg>
    
    </bean>
      <bean id="eobj1" class="com.saraa.Employees" >
    
    <constructor-arg value="32"></constructor-arg>
    <constructor-arg value="saeaa"></constructor-arg>
    <constructor-arg value="2000"></constructor-arg>
    
    </bean>
    <!-- scope="singleton only one object will created(by default scope is singleton  -->
    <!-- scope="prototype each time when we get a bean different object will be created -->
    <!-- Student studentob=new Student(); -->
</beans>
