<?xml version="1.0" encoding="UTF-8"?>
<beans  xmlns="http://www.springframework.org/schema/beans"  
    xmlns:xsi="http://www.w3.org/2001/XMLSchema-instance"  
    xsi:schemaLocation="http://www.springframework.org/schema/beans  
    http://www.springframework.org/schema/beans/spring-beans-4.0.xsd"> 
   
   <bean id="pobj" class="com.sara.Product" >
   
   <!-- property value to be set -->
   <property name="pid" value="12"></property>
   <property name="pnamee" value="TV"></property>
   <property name="pprice" value="20003"></property>
   
   </bean>
   
 
   
</beans>