<?xml version="1.0" encoding="UTF-8"?>
<beans  xmlns="http://www.springframework.org/schema/beans"  
    xmlns:xsi="http://www.w3.org/2001/XMLSchema-instance"  
    xsi:schemaLocation="http://www.springframework.org/schema/beans  
    http://www.springframework.org/schema/beans/spring-beans-4.0.xsd"> 

 <bean id = "pob" class = "sara.com.Product">
      <property name = "pid" value = "11"/>
      <property name = "pname" value = "tv"/>
   </bean>
<!-- class HelloIndia extends HelloWords -->
   <bean id ="cob" class = "sara.com.Customer" parent="pob">
   <!--  <property name = "cid" value = "211"/>  --> 
      <property name = "cname" value = "saraa"/>
   </bean>
</beans>
