<?xml version="1.0" encoding="UTF-8"?>
<beans  xmlns="http://www.springframework.org/schema/beans"  
    xmlns:xsi="http://www.w3.org/2001/XMLSchema-instance"  
    xsi:schemaLocation="http://www.springframework.org/schema/beans  
    http://www.springframework.org/schema/beans/spring-beans-4.0.xsd"> 

 <bean id = "product" class = "com.edu.Product">
      <property name = "pid" value = "21"/>
      <property name = "pname" value = "tv"/>
   </bean>

   <bean id ="customer" class = "com.edu.Customer" parent="product">
    <property name = "cid" value = "91"/>
      <property name = "cname" value = "saraa"/>
   </bean>
</beans>
