<?xml version="1.0" encoding="UTF-8"?>
<beans  xmlns="http://www.springframework.org/schema/beans"  
    xmlns:xsi="http://www.w3.org/2001/XMLSchema-instance"  
    xsi:schemaLocation="http://www.springframework.org/schema/beans  
    http://www.springframework.org/schema/beans/spring-beans-4.0.xsd"> 
   
    <bean id="studentob" class="com.sara.Student" >
    
    <constructor-arg value="Praveen"></constructor-arg>
    <constructor-arg value="22"></constructor-arg>
    <constructor-arg value="vswc"></constructor-arg>
    
    </bean>
      <bean id="studentob1" class="com.sara.Student" >
    
    <constructor-arg value="Giri"></constructor-arg>
    <constructor-arg value="22"></constructor-arg>
    <constructor-arg value="KVC"></constructor-arg>
    
    </bean>
    <!-- scope="singleton only one object will created(by default scope is singleton  -->
    <!-- scope="prototype each time when we get a bean different object will be created -->
    <!-- Student studentob=new Student(); -->
</beans>
